Market,Agency__c,Forecast_Month__c,Forecast_Year__c,Forecast__c,CurrencyIsoCode,Forecast_Type__c,Forecast_Quarter__c,Business_Unit__c,Forecast_Level__c,Id
United States,a00i000000ayOYjAAM,Apr,2016,11511285015,USD,Cartesis,Q3RF 2016,Xaxis,Market,a0M3100000GGvjGEAT
United States,a00i000000ayOYjAAM,Aug,2016,10119081338,USD,Cartesis,Q3RF 2016,Xaxis,Market,a0M3100000GGvjKEAT
United States,a00i000000ayOYjAAM,Dec,2016,11053550160,USD,Cartesis,Q3RF 2016,Xaxis,Market,a0M3100000GGvjOEAT
United States,a00i000000ayOYjAAM,Feb,2016,4493380619,USD,Cartesis,Q3RF 2016,Xaxis,Market,a0M3100000GGvjEEAT
United States,a00i000000ayOYjAAM,Jan,2016,4091970000,USD,Cartesis,Q3RF 2016,Xaxis,Market,a0M3100000GGvjDEAT
United States,a00i000000ayOYjAAM,Jul,2016,8255180133,USD,Cartesis,Q3RF 2016,Xaxis,Market,a0M3100000GGvjJEAT
United States,a00i000000ayOYjAAM,Jun,2016,10814401633,USD,Cartesis,Q3RF 2016,Xaxis,Market,a0M3100000GGvjIEAT
United States,a00i000000ayOYjAAM,Mar,2016,10570288924,USD,Cartesis,Q3RF 2016,Xaxis,Market,a0M3100000GGvjFEAT
United States,a00i000000ayOYjAAM,May,2016,12102795833,USD,Cartesis,Q3RF 2016,Xaxis,Market,a0M3100000GGvjHEAT
United States,a00i000000ayOYjAAM,Nov,2016,11091650000,USD,Cartesis,Q3RF 2016,Xaxis,Market,a0M3100000GGvjNEAT
United States,a00i000000ayOYjAAM,Oct,2016,9705740000,USD,Cartesis,Q3RF 2016,Xaxis,Market,a0M3100000GGvjMEAT
United States,a00i000000ayOYjAAM,Sep,2016,9357519678,USD,Cartesis,Q3RF 2016,Xaxis,Market,a0M3100000GGvjLEAT
United States,a00i000000SVQyAAAX,Apr,2016,407227856,USD,Cartesis,Q3RF 2016,Light Reaction,Market,a0M3100000GGviAEAT
United States,a00i000000SVQyAAAX,Apr,2016,5083225817,USD,Cartesis,Q3RF 2016,Xaxis,Market,a0M3100000GGvjSEAT
United States,a00i000000SVQyAAAX,Aug,2016,727008430,USD,Cartesis,Q3RF 2016,Light Reaction,Market,a0M3100000GGviEEAT
United States,a00i000000SVQyAAAX,Aug,2016,82429069,USD,Cartesis,Q3RF 2016,plista,Market,a0M3100000GGviyEAD
United States,a00i000000SVQyAAAX,Aug,2016,6567171455,USD,Cartesis,Q3RF 2016,Xaxis,Market,a0M3100000GGvjbEAD
United States,a00i000000SVQyAAAX,Dec,2016,485777297,USD,Cartesis,Q3RF 2016,Light Reaction,Market,a0M3100000GGviIEAT
United States,a00i000000SVQyAAAX,Dec,2016,92143600,USD,Cartesis,Q3RF 2016,plista,Market,a0M3100000GGvj2EAD
United States,a00i000000SVQyAAAX,Dec,2016,4774937000,USD,Cartesis,Q3RF 2016,Xaxis,Market,a0M3100000GGvjfEAD
United States,a00i000000SVQyAAAX,Feb,2016,263741491,USD,Cartesis,Q3RF 2016,Light Reaction,Market,a0M3100000GGvi8EAD
United States,a00i000000SVQyAAAX,Feb,2016,5509206562,USD,Cartesis,Q3RF 2016,Xaxis,Market,a0M3100000GGvjQEAT
United States,a00i000000SVQyAAAX,Jan,2016,78172000,USD,Cartesis,Q3RF 2016,Light Reaction,Market,a0M3100000GGvi7EAD
United States,a00i000000SVQyAAAX,Jan,2016,4175373566,USD,Cartesis,Q3RF 2016,Xaxis,Market,a0M3100000GGvjPEAT
United States,a00i000000SVQyAAAX,Jul,2016,549160777,USD,Cartesis,Q3RF 2016,Light Reaction,Market,a0M3100000GGviDEAT
United States,a00i000000SVQyAAAX,Jul,2016,5752699979,USD,Cartesis,Q3RF 2016,Xaxis,Market,a0M3100000GGvjaEAD
United States,a00i000000SVQyAAAX,Jun,2016,685880119,USD,Cartesis,Q3RF 2016,Light Reaction,Market,a0M3100000GGviCEAT
United States,a00i000000SVQyAAAX,Jun,2016,5832718133,USD,Cartesis,Q3RF 2016,Xaxis,Market,a0M3100000GGvjZEAT
United States,a00i000000SVQyAAAX,Mar,2016,540492336,USD,Cartesis,Q3RF 2016,Light Reaction,Market,a0M3100000GGvi9EAD
United States,a00i000000SVQyAAAX,Mar,2016,8970962301,USD,Cartesis,Q3RF 2016,Xaxis,Market,a0M3100000GGvjREAT
United States,a00i000000SVQyAAAX,May,2016,572691214,USD,Cartesis,Q3RF 2016,Light Reaction,Market,a0M3100000GGviBEAT
United States,a00i000000SVQyAAAX,May,2016,5794320028,USD,Cartesis,Q3RF 2016,Xaxis,Market,a0M3100000GGvjTEAT
United States,a00i000000SVQyAAAX,Nov,2016,440002899,USD,Cartesis,Q3RF 2016,Light Reaction,Market,a0M3100000GGviHEAT
United States,a00i000000SVQyAAAX,Nov,2016,262724143,USD,Cartesis,Q3RF 2016,plista,Market,a0M3100000GGvj1EAD
United States,a00i000000SVQyAAAX,Nov,2016,5590623000,USD,Cartesis,Q3RF 2016,Xaxis,Market,a0M3100000GGvjeEAD
United States,a00i000000SVQyAAAX,Oct,2016,509781428,USD,Cartesis,Q3RF 2016,Light Reaction,Market,a0M3100000GGviGEAT
United States,a00i000000SVQyAAAX,Oct,2016,380929600,USD,Cartesis,Q3RF 2016,plista,Market,a0M3100000GGvj0EAD
United States,a00i000000SVQyAAAX,Oct,2016,6897064000,USD,Cartesis,Q3RF 2016,Xaxis,Market,a0M3100000GGvjdEAD
United States,a00i000000SVQyAAAX,Sep,2016,700305452,USD,Cartesis,Q3RF 2016,Light Reaction,Market,a0M3100000GGviFEAT
United States,a00i000000SVQyAAAX,Sep,2016,439884996,USD,Cartesis,Q3RF 2016,plista,Market,a0M3100000GGvizEAD
United States,a00i000000SVQyAAAX,Sep,2016,7388027356,USD,Cartesis,Q3RF 2016,Xaxis,Market,a0M3100000GGvjcEAD
United States,a00i000000SVR8tAAH,Apr,2016,1020245903,USD,Cartesis,Q3RF 2016,Light Reaction,Market,a0M3100000GGviMEAT
United States,a00i000000SVR8tAAH,Apr,2016,4507769452,USD,Cartesis,Q3RF 2016,Xaxis,Market,a0M3100000GGvjjEAD
United States,a00i000000SVR8tAAH,Aug,2016,1167425888,USD,Cartesis,Q3RF 2016,Light Reaction,Market,a0M3100000GGviQEAT
United States,a00i000000SVR8tAAH,Aug,2016,30483449,USD,Cartesis,Q3RF 2016,plista,Market,a0M3100000GGvj3EAD
United States,a00i000000SVR8tAAH,Aug,2016,4865612281,USD,Cartesis,Q3RF 2016,Xaxis,Market,a0M3100000GGvjnEAD
United States,a00i000000SVR8tAAH,Dec,2016,800388230,USD,Cartesis,Q3RF 2016,Light Reaction,Market,a0M3100000GGviZEAT
United States,a00i000000SVR8tAAH,Dec,2016,4139642938,USD,Cartesis,Q3RF 2016,Xaxis,Market,a0M3100000GGvjrEAD
United States,a00i000000SVR8tAAH,Feb,2016,495594480,USD,Cartesis,Q3RF 2016,Light Reaction,Market,a0M3100000GGviKEAT
United States,a00i000000SVR8tAAH,Feb,2016,3819610569,USD,Cartesis,Q3RF 2016,Xaxis,Market,a0M3100000GGvjhEAD
United States,a00i000000SVR8tAAH,Jan,2016,436649000,USD,Cartesis,Q3RF 2016,Light Reaction,Market,a0M3100000GGviJEAT
United States,a00i000000SVR8tAAH,Jan,2016,2016145779,USD,Cartesis,Q3RF 2016,Xaxis,Market,a0M3100000GGvjgEAD
United States,a00i000000SVR8tAAH,Jul,2016,807322788,USD,Cartesis,Q3RF 2016,Light Reaction,Market,a0M3100000GGviPEAT
United States,a00i000000SVR8tAAH,Jul,2016,5103102604,USD,Cartesis,Q3RF 2016,Xaxis,Market,a0M3100000GGvjmEAD
United States,a00i000000SVR8tAAH,Jun,2016,782990721,USD,Cartesis,Q3RF 2016,Light Reaction,Market,a0M3100000GGviOEAT
United States,a00i000000SVR8tAAH,Jun,2016,5055363912,USD,Cartesis,Q3RF 2016,Xaxis,Market,a0M3100000GGvjlEAD
United States,a00i000000SVR8tAAH,Mar,2016,957390568,USD,Cartesis,Q3RF 2016,Light Reaction,Market,a0M3100000GGviLEAT
United States,a00i000000SVR8tAAH,Mar,2016,4821917095,USD,Cartesis,Q3RF 2016,Xaxis,Market,a0M3100000GGvjiEAD
United States,a00i000000SVR8tAAH,May,2016,1011220188,USD,Cartesis,Q3RF 2016,Light Reaction,Market,a0M3100000GGviNEAT
United States,a00i000000SVR8tAAH,May,2016,5939141276,USD,Cartesis,Q3RF 2016,Xaxis,Market,a0M3100000GGvjkEAD
United States,a00i000000SVR8tAAH,Nov,2016,910388230,USD,Cartesis,Q3RF 2016,Light Reaction,Market,a0M3100000GGviYEAT
United States,a00i000000SVR8tAAH,Nov,2016,3895000000,USD,Cartesis,Q3RF 2016,Xaxis,Market,a0M3100000GGvjqEAD
United States,a00i000000SVR8tAAH,Oct,2016,685388230,USD,Cartesis,Q3RF 2016,Light Reaction,Market,a0M3100000GGviXEAT
United States,a00i000000SVR8tAAH,Oct,2016,3717085625,USD,Cartesis,Q3RF 2016,Xaxis,Market,a0M3100000GGvjpEAD
United States,a00i000000SVR8tAAH,Sep,2016,443399965,USD,Cartesis,Q3RF 2016,Light Reaction,Market,a0M3100000GGviWEAT
United States,a00i000000SVR8tAAH,Sep,2016,264428100,USD,Cartesis,Q3RF 2016,plista,Market,a0M3100000GGvj4EAD
United States,a00i000000SVR8tAAH,Sep,2016,4806093916,USD,Cartesis,Q3RF 2016,Xaxis,Market,a0M3100000GGvjoEAD
United States,a00i000000SVR9NAAX,Apr,2016,330217250,USD,Cartesis,Q3RF 2016,Light Reaction,Market,a0M3100000GGvidEAD
United States,a00i000000SVR9NAAX,Apr,2016,2870150035,USD,Cartesis,Q3RF 2016,Xaxis,Market,a0M3100000GGvjvEAD
United States,a00i000000SVR9NAAX,Aug,2016,240187858,USD,Cartesis,Q3RF 2016,Light Reaction,Market,a0M3100000GGvihEAD
United States,a00i000000SVR9NAAX,Aug,2016,72181208,USD,Cartesis,Q3RF 2016,plista,Market,a0M3100000GGvj6EAD
United States,a00i000000SVR9NAAX,Aug,2016,2825943781,USD,Cartesis,Q3RF 2016,Xaxis,Market,a0M3100000GGvjzEAD
United States,a00i000000SVR9NAAX,Dec,2016,260413758,USD,Cartesis,Q3RF 2016,Light Reaction,Market,a0M3100000GGvilEAD
United States,a00i000000SVR9NAAX,Dec,2016,39973360,USD,Cartesis,Q3RF 2016,plista,Market,a0M3100000GGvjAEAT
United States,a00i000000SVR9NAAX,Dec,2016,4787773586,USD,Cartesis,Q3RF 2016,Xaxis,Market,a0M3100000GGvk3EAD
United States,a00i000000SVR9NAAX,Feb,2016,235136080,USD,Cartesis,Q3RF 2016,Light Reaction,Market,a0M3100000GGvibEAD
United States,a00i000000SVR9NAAX,Feb,2016,2805530823,USD,Cartesis,Q3RF 2016,Xaxis,Market,a0M3100000GGvjtEAD
United States,a00i000000SVR9NAAX,Jan,2016,122904762,USD,Cartesis,Q3RF 2016,Light Reaction,Market,a0M3100000GGviaEAD
United States,a00i000000SVR9NAAX,Jan,2016,2268989797,USD,Cartesis,Q3RF 2016,Xaxis,Market,a0M3100000GGvjsEAD
United States,a00i000000SVR9NAAX,Jul,2016,287619324,USD,Cartesis,Q3RF 2016,Light Reaction,Market,a0M3100000GGvigEAD
United States,a00i000000SVR9NAAX,Jul,2016,109737662,USD,Cartesis,Q3RF 2016,plista,Market,a0M3100000GGvj5EAD
United States,a00i000000SVR9NAAX,Jul,2016,2948746240,USD,Cartesis,Q3RF 2016,Xaxis,Market,a0M3100000GGvjyEAD
United States,a00i000000SVR9NAAX,Jun,2016,459671360,USD,Cartesis,Q3RF 2016,Light Reaction,Market,a0M3100000GGvifEAD
United States,a00i000000SVR9NAAX,Jun,2016,4586156285,USD,Cartesis,Q3RF 2016,Xaxis,Market,a0M3100000GGvjxEAD
United States,a00i000000SVR9NAAX,Mar,2016,328851203,USD,Cartesis,Q3RF 2016,Light Reaction,Market,a0M3100000GGvicEAD
United States,a00i000000SVR9NAAX,Mar,2016,4852495852,USD,Cartesis,Q3RF 2016,Xaxis,Market,a0M3100000GGvjuEAD
United States,a00i000000SVR9NAAX,May,2016,229143630,USD,Cartesis,Q3RF 2016,Light Reaction,Market,a0M3100000GGvieEAD
United States,a00i000000SVR9NAAX,May,2016,2922106125,USD,Cartesis,Q3RF 2016,Xaxis,Market,a0M3100000GGvjwEAD
United States,a00i000000SVR9NAAX,Nov,2016,140701643,USD,Cartesis,Q3RF 2016,Light Reaction,Market,a0M3100000GGvikEAD
United States,a00i000000SVR9NAAX,Nov,2016,54171000,USD,Cartesis,Q3RF 2016,plista,Market,a0M3100000GGvj9EAD
United States,a00i000000SVR9NAAX,Nov,2016,3696379194,USD,Cartesis,Q3RF 2016,Xaxis,Market,a0M3100000GGvk2EAD
United States,a00i000000SVR9NAAX,Oct,2016,195969098,USD,Cartesis,Q3RF 2016,Light Reaction,Market,a0M3100000GGvijEAD
United States,a00i000000SVR9NAAX,Oct,2016,37613199,USD,Cartesis,Q3RF 2016,plista,Market,a0M3100000GGvj8EAD
United States,a00i000000SVR9NAAX,Oct,2016,2794967590,USD,Cartesis,Q3RF 2016,Xaxis,Market,a0M3100000GGvk1EAD
United States,a00i000000SVR9NAAX,Sep,2016,159786817,USD,Cartesis,Q3RF 2016,Light Reaction,Market,a0M3100000GGviiEAD
United States,a00i000000SVR9NAAX,Sep,2016,10969910,USD,Cartesis,Q3RF 2016,plista,Market,a0M3100000GGvj7EAD
United States,a00i000000SVR9NAAX,Sep,2016,2171323296,USD,Cartesis,Q3RF 2016,Xaxis,Market,a0M3100000GGvk0EAD
United States,a00i000000SVR9XAAX,Apr,2016,600499804,USD,Cartesis,Q3RF 2016,Light Reaction,Market,a0M3100000GGvipEAD
United States,a00i000000SVR9XAAX,Apr,2016,3666216480,USD,Cartesis,Q3RF 2016,Xaxis,Market,a0M3100000GGvk7EAD
United States,a00i000000SVR9XAAX,Aug,2016,145705510,USD,Cartesis,Q3RF 2016,Light Reaction,Market,a0M3100000GGvitEAD
United States,a00i000000SVR9XAAX,Aug,2016,4615400,USD,Cartesis,Q3RF 2016,plista,Market,a0M3100000GGvjBEAT
United States,a00i000000SVR9XAAX,Aug,2016,4073355366,USD,Cartesis,Q3RF 2016,Xaxis,Market,a0M3100000GGvkBEAT
United States,a00i000000SVR9XAAX,Dec,2016,758000000,USD,Cartesis,Q3RF 2016,Light Reaction,Market,a0M3100000GGvixEAD
United States,a00i000000SVR9XAAX,Dec,2016,6258728938,USD,Cartesis,Q3RF 2016,Xaxis,Market,a0M3100000GGvkFEAT
United States,a00i000000SVR9XAAX,Feb,2016,30542020,USD,Cartesis,Q3RF 2016,Light Reaction,Market,a0M3100000GGvinEAD
United States,a00i000000SVR9XAAX,Feb,2016,4347713711,USD,Cartesis,Q3RF 2016,Xaxis,Market,a0M3100000GGvk5EAD
United States,a00i000000SVR9XAAX,Jan,2016,74168839,USD,Cartesis,Q3RF 2016,Light Reaction,Market,a0M3100000GGvimEAD
United States,a00i000000SVR9XAAX,Jan,2016,4910481688,USD,Cartesis,Q3RF 2016,Xaxis,Market,a0M3100000GGvk4EAD
United States,a00i000000SVR9XAAX,Jul,2016,153069012,USD,Cartesis,Q3RF 2016,Light Reaction,Market,a0M3100000GGvisEAD
United States,a00i000000SVR9XAAX,Jul,2016,3281022768,USD,Cartesis,Q3RF 2016,Xaxis,Market,a0M3100000GGvkAEAT
United States,a00i000000SVR9XAAX,Jun,2016,471945369,USD,Cartesis,Q3RF 2016,Light Reaction,Market,a0M3100000GGvirEAD
United States,a00i000000SVR9XAAX,Jun,2016,4302042323,USD,Cartesis,Q3RF 2016,Xaxis,Market,a0M3100000GGvk9EAD
United States,a00i000000SVR9XAAX,Mar,2016,590456875,USD,Cartesis,Q3RF 2016,Light Reaction,Market,a0M3100000GGvioEAD
United States,a00i000000SVR9XAAX,Mar,2016,4602715753,USD,Cartesis,Q3RF 2016,Xaxis,Market,a0M3100000GGvk6EAD
United States,a00i000000SVR9XAAX,May,2016,521201257,USD,Cartesis,Q3RF 2016,Light Reaction,Market,a0M3100000GGviqEAD
United States,a00i000000SVR9XAAX,May,2016,3897806565,USD,Cartesis,Q3RF 2016,Xaxis,Market,a0M3100000GGvk8EAD
United States,a00i000000SVR9XAAX,Nov,2016,346000000,USD,Cartesis,Q3RF 2016,Light Reaction,Market,a0M3100000GGviwEAD
United States,a00i000000SVR9XAAX,Nov,2016,6579061125,USD,Cartesis,Q3RF 2016,Xaxis,Market,a0M3100000GGvkEEAT
United States,a00i000000SVR9XAAX,Oct,2016,153000000,USD,Cartesis,Q3RF 2016,Light Reaction,Market,a0M3100000GGvivEAD
United States,a00i000000SVR9XAAX,Oct,2016,4784143000,USD,Cartesis,Q3RF 2016,Xaxis,Market,a0M3100000GGvkDEAT
United States,a00i000000SVR9XAAX,Sep,2016,387054005,USD,Cartesis,Q3RF 2016,Light Reaction,Market,a0M3100000GGviuEAD
United States,a00i000000SVR9XAAX,Sep,2016,237517908,USD,Cartesis,Q3RF 2016,plista,Market,a0M3100000GGvjCEAT
United States,a00i000000SVR9XAAX,Sep,2016,3042362403,USD,Cartesis,Q3RF 2016,Xaxis,Market,a0M3100000GGvkCEAT
